{"name":"7d6f607e-0aed-46b2-90dc-2a3e34416d11","id":"/providers/Microsoft.Flow/flows/7d6f607e-0aed-46b2-90dc-2a3e34416d11","type":"Microsoft.Flow/flows","properties":{"apiId":"/providers/Microsoft.PowerApps/apis/shared_logicflows","displayName":"CMP - Manager Notifications","definition":{"metadata":{"workflowEntityId":null,"processAdvisorMetadata":null,"flowclientsuspensionreason":"None","flowclientsuspensiontime":null,"flowclientsuspensionreasondetails":null,"creator":{"id":"c4259a66-65f9-4eaf-8fd5-c9fd7c4ce9d0","type":"User","tenantId":"32045203-655b-4805-8452-45424fe2314b"},"provisioningMethod":"FromDefinition","failureAlertSubscription":true,"clientLastModifiedTime":"2022-09-29T15:01:18.0889759Z"},"$schema":"https://schema.management.azure.com/providers/Microsoft.Logic/schemas/2016-06-01/workflowdefinition.json#","contentVersion":"1.0.0.0","parameters":{"$connections":{"defaultValue":{},"type":"Object"},"$authentication":{"defaultValue":{},"type":"SecureObject"}},"triggers":{"Recurrence":{"recurrence":{"frequency":"Hour","interval":24},"metadata":{"operationMetadataId":"e154362e-d99c-4e2a-90c2-2b28a23288ce"},"type":"Recurrence"}},"actions":{"If_ChampionEventApprovals_setting_is_disabled_skip_notifications":{"actions":{"Send_notifications_if_there_is_at_least_one_pending_event":{"actions":{"Get_current_user_email":{"runAfter":{},"metadata":{"operationMetadataId":"58cb0122-5851-4427-ab88-b8a36aae493e"},"type":"OpenApiConnection","inputs":{"host":{"apiId":"/providers/Microsoft.PowerApps/apis/shared_office365users","connectionName":"shared_office365users","operationId":"MyProfile_V2"},"parameters":{},"authentication":"@parameters('$authentication')"}},"Loop_through_each_manager_and_send_chat_notification_":{"foreach":"@outputs('Get_Managers_from_Member_List')?['body/value']","actions":{"Set_variable_-_ManagerEmail":{"runAfter":{},"metadata":{"operationMetadataId":"4b548e99-1df9-4ea0-bd3b-31b396e87a23"},"type":"SetVariable","inputs":{"name":"ManagerEmail","value":"@items('Loop_through_each_manager_and_send_chat_notification_')?['Title']"}},"Post_adaptive_card_to_each_manager":{"runAfter":{"Set_variable_-_ManagerEmail":["Succeeded"]},"metadata":{"operationMetadataId":"de1d45ed-35a3-47bb-ae09-0134304fa2d1"},"type":"OpenApiConnection","inputs":{"host":{"apiId":"/providers/Microsoft.PowerApps/apis/shared_teams","connectionName":"shared_teams","operationId":"PostCardToConversation"},"parameters":{"poster":"Flow bot","location":"Chat with Flow bot","body/recipient":"@{variables('ManagerEmail')};","body/messageBody":"{\n    \"type\": \"AdaptiveCard\",\n    \"body\": [\n        {\n            \"type\": \"Container\"\n        },\n        {\n            \"type\": \"TextBlock\",\n            \"size\": \"Medium\",\n            \"weight\": \"Bolder\",\n            \"text\": \"New Champion Event Submitted\",\n            \"wrap\": true,\n            \"style\": \"heading\"\n        },\n        {\n            \"type\": \"TextBlock\",\n            \"text\": \"There are few event submissions in Champion Management Platform which requires your approval. Points for the events will be awarded to the champions only after your approval. To view/approve the events please navigate to CMP app and check the \\\"Champion Activities\\\" tab under \\\"Manage Approvals\\\" from the app dashboard.\",\n            \"wrap\": true\n        }\n    ],    \n    \"$schema\": \"http://adaptivecards.io/schemas/adaptive-card.json\",\n    \"version\": \"1.4\"\n}"},"authentication":"@parameters('$authentication')"}}},"runAfter":{"Get_Managers_from_Member_List":["Succeeded"]},"metadata":{"operationMetadataId":"f2f6c982-dbb8-4d68-b5b8-9b8d57256e66"},"type":"Foreach"},"Get_Managers_from_Member_List":{"runAfter":{"Get_current_user_email":["Succeeded"]},"metadata":{"operationMetadataId":"ecab9d3b-1eda-4482-bfcd-d7071558d5bb"},"type":"OpenApiConnection","inputs":{"host":{"apiId":"/providers/Microsoft.PowerApps/apis/shared_sharepointonline","connectionName":"shared_sharepointonline","operationId":"GetItems"},"parameters":{"dataset":"@variables('Site URL')","table":"Member List","$filter":"Role eq 'Manager' and Status eq 'Approved'","$top":5000},"authentication":"@parameters('$authentication')"}}},"runAfter":{"Get_items_from_Event_Track_Feedback_details":["Succeeded"]},"expression":{"greater":["@length(outputs('Get_items_from_Event_Track_Feedback_details')?['body/value'])",0]},"metadata":{"operationMetadataId":"e4ff1522-81aa-4e75-a5cc-3d3db3eaf677"},"type":"If"},"Get_items_from_Event_Track_Feedback_details":{"runAfter":{},"metadata":{"operationMetadataId":"ecab9d3b-1eda-4482-bfcd-d7071558d5bb"},"type":"OpenApiConnection","inputs":{"host":{"apiId":"/providers/Microsoft.PowerApps/apis/shared_sharepointonline","connectionName":"shared_sharepointonline","operationId":"GetItems"},"parameters":{"dataset":"@variables('Site URL')","table":"Event Track Details","$filter":"Status eq 'Pending'","$top":5000},"authentication":"@parameters('$authentication')"}}},"runAfter":{"Get_ChampionEventApprovals_setting_from_Config_List":["Succeeded"]},"expression":{"equals":["@variables('Config List Setting')","Enabled"]},"metadata":{"operationMetadataId":"7dc178dd-b471-4035-b55b-5514e4b3c310"},"type":"If"},"Get_items_from_Config_List":{"runAfter":{"Initialize_variable_-_Config_List_Setting":["Succeeded"]},"metadata":{"operationMetadataId":"ee2303a3-69b3-445e-9c57-f060e1e2ee35"},"type":"OpenApiConnection","inputs":{"host":{"apiId":"/providers/Microsoft.PowerApps/apis/shared_sharepointonline","connectionName":"shared_sharepointonline","operationId":"GetItems"},"parameters":{"dataset":"@variables('Site URL')","table":"Config List","$filter":"Title eq 'ChampionEventApprovals'"},"authentication":"@parameters('$authentication')"}},"Initialize_variable_-_ManagerEmail":{"runAfter":{"Initialize_variable_-_Site_URL":["Succeeded"]},"metadata":{"operationMetadataId":"751d9fd9-3c43-44ba-9dc0-a53a4b007462"},"type":"InitializeVariable","inputs":{"variables":[{"name":"ManagerEmail","type":"string"}]}},"Get_ChampionEventApprovals_setting_from_Config_List":{"foreach":"@outputs('Get_items_from_Config_List')?['body/value']","actions":{"Set_variable_-_Config_List_Setting":{"runAfter":{},"metadata":{"operationMetadataId":"2b035c36-7a52-4a33-bc79-31f1dec17d57"},"type":"SetVariable","inputs":{"name":"Config List Setting","value":"@items('Get_ChampionEventApprovals_setting_from_Config_List')?['Value']"}}},"runAfter":{"Get_items_from_Config_List":["Succeeded"]},"metadata":{"operationMetadataId":"54fa62f1-9e17-452f-9b35-54bb191fbd15"},"type":"Foreach"},"Initialize_variable_-_Config_List_Setting":{"runAfter":{"Initialize_variable_-_ManagerEmail":["Succeeded"]},"metadata":{"operationMetadataId":"0723e139-c696-4efd-ac6b-20a1d2a35e54"},"type":"InitializeVariable","inputs":{"variables":[{"name":"Config List Setting","type":"string"}]}},"Initialize_variable_-_Site_URL":{"runAfter":{},"metadata":{"operationMetadataId":"7fe08507-f450-4ba7-837a-3886c52722f7"},"type":"InitializeVariable","inputs":{"variables":[{"name":"Site URL","type":"string","value":"https://{your tenant}.sharepoint.com/sites/ChampionManagementPlatform"}]}}}},"connectionReferences":{"shared_office365users":{"connectionName":"ce2405336fdc406587933f41543da2fd","source":"Embedded","id":"/providers/Microsoft.PowerApps/apis/shared_office365users","tier":"NotSpecified"},"shared_teams":{"connectionName":"cb09ba9df47c43aab8ad59cb94589b2b","source":"Embedded","id":"/providers/Microsoft.PowerApps/apis/shared_teams","tier":"NotSpecified"},"shared_sharepointonline":{"connectionName":"08231d67f96c4e7c98afe2d7e46006d9","source":"Embedded","id":"/providers/Microsoft.PowerApps/apis/shared_sharepointonline","tier":"NotSpecified"}},"flowFailureAlertSubscribed":false,"isManaged":false}}